[
  {"model": "core.collaborator", "pk": 1, "fields": {"full_name": "Carlos Tanaka", "domain_user": "carlos.tanaka", "status": true, "perm_acess_internet": true, "date_hired": "2020-03-15T08:00:00Z", "fired": false, "date_fired": null, "acess_wifi": true, "admin_privilege": false, "office": "TI", "created_at": "2020-03-15T08:00:00Z", "updated_at": "2024-01-01T00:00:00Z", "deleted_at": null}},
  {"model": "core.collaborator", "pk": 2, "fields": {"full_name": "Maria Silva", "domain_user": "maria.silva", "status": true, "perm_acess_internet": true, "date_hired": "2019-06-01T08:00:00Z", "fired": false, "date_fired": null, "acess_wifi": true, "admin_privilege": true, "office": "Administrativo", "created_at": "2019-06-01T08:00:00Z", "updated_at": "2024-01-01T00:00:00Z", "deleted_at": null}},
  {"model": "core.collaborator", "pk": 3, "fields": {"full_name": "João Yamamoto", "domain_user": "joao.yamamoto", "status": true, "perm_acess_internet": false, "date_hired": "2021-01-10T08:00:00Z", "fired": false, "date_fired": null, "acess_wifi": false, "admin_privilege": false, "office": "Producao", "created_at": "2021-01-10T08:00:00Z", "updated_at": "2024-01-01T00:00:00Z", "deleted_at": null}},
  {"model": "core.collaborator", "pk": 4, "fields": {"full_name": "Ana Kobayashi", "domain_user": "ana.kobayashi", "status": true, "perm_acess_internet": true, "date_hired": "2022-07-20T08:00:00Z", "fired": false, "date_fired": null, "acess_wifi": true, "admin_privilege": false, "office": "Vendas", "created_at": "2022-07-20T08:00:00Z", "updated_at": "2024-01-01T00:00:00Z", "deleted_at": null}},
  {"model": "core.collaborator", "pk": 5, "fields": {"full_name": "Pedro Nakamura", "domain_user": "pedro.nakamura", "status": false, "perm_acess_internet": false, "date_hired": "2018-11-05T08:00:00Z", "fired": true, "date_fired": "2024-06-30T17:00:00Z", "acess_wifi": false, "admin_privilege": false, "office": "TI", "created_at": "2018-11-05T08:00:00Z", "updated_at": "2024-06-30T17:00:00Z", "deleted_at": null}},

  {"model": "core.machine", "pk": 1, "fields": {"hostname": "PC-TI-001", "model": "Dell Latitude 5520", "type": "notebook", "service_tag": "ABC1234", "operacional_system": "Windows 11 Pro", "ram_memory": "16GB", "disk_memory": "512GB SSD", "ip": "192.168.1.100", "mac_address": "AA:BB:CC:DD:EE:01", "administrator": "Carlos Tanaka", "cod_jdb": "JDB001", "date_purchase": "2022-01-15T00:00:00Z", "quantity": 1, "crypto_disk": true, "crypto_usb": true, "crypto_memory_card": false, "sold_out": false, "date_sold_out": null, "created_at": "2022-01-15T00:00:00Z", "updated_at": "2024-01-01T00:00:00Z", "deleted_at": null}},
  {"model": "core.machine", "pk": 2, "fields": {"hostname": "PC-ADM-001", "model": "HP ProDesk 400 G7", "type": "desktop", "service_tag": "DEF5678", "operacional_system": "Windows 10 Pro", "ram_memory": "8GB", "disk_memory": "256GB SSD", "ip": "192.168.1.101", "mac_address": "AA:BB:CC:DD:EE:02", "administrator": "Maria Silva", "cod_jdb": "JDB002", "date_purchase": "2021-06-20T00:00:00Z", "quantity": 1, "crypto_disk": false, "crypto_usb": false, "crypto_memory_card": false, "sold_out": false, "date_sold_out": null, "created_at": "2021-06-20T00:00:00Z", "updated_at": "2024-01-01T00:00:00Z", "deleted_at": null}},
  {"model": "core.machine", "pk": 3, "fields": {"hostname": "PC-PROD-001", "model": "Lenovo ThinkPad T14", "type": "notebook", "service_tag": "GHI9012", "operacional_system": "Windows 11 Pro", "ram_memory": "16GB", "disk_memory": "1TB SSD", "ip": "192.168.1.102", "mac_address": "AA:BB:CC:DD:EE:03", "administrator": "Carlos Tanaka", "cod_jdb": "JDB003", "date_purchase": "2023-03-10T00:00:00Z", "quantity": 1, "crypto_disk": true, "crypto_usb": false, "crypto_memory_card": false, "sold_out": false, "date_sold_out": null, "created_at": "2023-03-10T00:00:00Z", "updated_at": "2024-01-01T00:00:00Z", "deleted_at": null}},
  {"model": "core.machine", "pk": 4, "fields": {"hostname": "PC-VND-001", "model": "Dell OptiPlex 7090", "type": "desktop", "service_tag": "JKL3456", "operacional_system": "Windows 10 Pro", "ram_memory": "8GB", "disk_memory": "256GB SSD", "ip": "192.168.1.103", "mac_address": "AA:BB:CC:DD:EE:04", "administrator": "Ana Kobayashi", "cod_jdb": "JDB004", "date_purchase": "2020-09-05T00:00:00Z", "quantity": 1, "crypto_disk": true, "crypto_usb": true, "crypto_memory_card": true, "sold_out": false, "date_sold_out": null, "created_at": "2020-09-05T00:00:00Z", "updated_at": "2024-01-01T00:00:00Z", "deleted_at": null}},
  {"model": "core.machine", "pk": 5, "fields": {"hostname": "SRV-MAIN-001", "model": "Dell PowerEdge R740", "type": "desktop", "service_tag": "MNO7890", "operacional_system": "Windows Server 2019", "ram_memory": "64GB", "disk_memory": "4TB RAID", "ip": "192.168.1.10", "mac_address": "AA:BB:CC:DD:EE:05", "administrator": "Carlos Tanaka", "cod_jdb": "JDB005", "date_purchase": "2019-12-01T00:00:00Z", "quantity": 1, "crypto_disk": false, "crypto_usb": false, "crypto_memory_card": false, "sold_out": false, "date_sold_out": null, "created_at": "2019-12-01T00:00:00Z", "updated_at": "2024-01-01T00:00:00Z", "deleted_at": null}},

  {"model": "core.software", "pk": 1, "fields": {"software_name": "Microsoft Office 365", "key": "XXXXX-XXXXX-XXXXX-XXXXX-OFF01", "quantity": 50, "type_licence": "subscription", "quantity_purchase": 50, "last_purchase_date": "2024-01-15T00:00:00Z", "on_use": 45, "departament": "Todos", "observation": "", "expires_at": "2026-12-31T00:00:00Z", "created_at": "2024-01-15T00:00:00Z", "updated_at": "2024-01-15T00:00:00Z", "deleted_at": null}},
  {"model": "core.software", "pk": 2, "fields": {"software_name": "AutoCAD 2024", "key": "XXXXX-XXXXX-XXXXX-XXXXX-CAD01", "quantity": 5, "type_licence": "subscription", "quantity_purchase": 5, "last_purchase_date": "2024-03-01T00:00:00Z", "on_use": 3, "departament": "Engenharia", "observation": "", "expires_at": "2026-06-30T00:00:00Z", "created_at": "2024-03-01T00:00:00Z", "updated_at": "2024-03-01T00:00:00Z", "deleted_at": null}},
  {"model": "core.software", "pk": 3, "fields": {"software_name": "Windows 11 Pro", "key": "XXXXX-XXXXX-XXXXX-XXXXX-WIN01", "quantity": 30, "type_licence": "oem", "quantity_purchase": 30, "last_purchase_date": "2022-01-01T00:00:00Z", "on_use": 28, "departament": "TI", "observation": "OEM pre-instalado", "expires_at": null, "created_at": "2022-01-01T00:00:00Z", "updated_at": "2022-01-01T00:00:00Z", "deleted_at": null}},
  {"model": "core.software", "pk": 4, "fields": {"software_name": "Kaspersky Endpoint Security", "key": "XXXXX-XXXXX-XXXXX-XXXXX-KAS01", "quantity": 50, "type_licence": "subscription", "quantity_purchase": 50, "last_purchase_date": "2024-06-01T00:00:00Z", "on_use": 48, "departament": "TI", "observation": "", "expires_at": "2026-09-15T00:00:00Z", "created_at": "2024-06-01T00:00:00Z", "updated_at": "2024-06-01T00:00:00Z", "deleted_at": null}},
  {"model": "core.software", "pk": 5, "fields": {"software_name": "SAP Business One", "key": "XXXXX-XXXXX-XXXXX-XXXXX-SAP01", "quantity": 10, "type_licence": "perpetual", "quantity_purchase": 10, "last_purchase_date": "2020-01-01T00:00:00Z", "on_use": 8, "departament": "Financeiro", "observation": "Licenca perpetua", "expires_at": null, "created_at": "2020-01-01T00:00:00Z", "updated_at": "2020-01-01T00:00:00Z", "deleted_at": null}},

  {"model": "core.email", "pk": 1, "fields": {"collaborator": 1, "email": "carlos.tanaka@jrc.com", "remark": "E-mail principal", "email_creation": "2020-03-15T08:00:00Z", "until": null, "created_at": "2020-03-15T08:00:00Z", "updated_at": "2020-03-15T08:00:00Z", "deleted_at": null}},
  {"model": "core.email", "pk": 2, "fields": {"collaborator": 2, "email": "maria.silva@jrc.com", "remark": "E-mail principal", "email_creation": "2019-06-01T08:00:00Z", "until": null, "created_at": "2019-06-01T08:00:00Z", "updated_at": "2019-06-01T08:00:00Z", "deleted_at": null}},
  {"model": "core.email", "pk": 3, "fields": {"collaborator": 3, "email": "joao.yamamoto@jrc.com", "remark": "", "email_creation": "2021-01-10T08:00:00Z", "until": null, "created_at": "2021-01-10T08:00:00Z", "updated_at": "2021-01-10T08:00:00Z", "deleted_at": null}},
  {"model": "core.email", "pk": 4, "fields": {"collaborator": 4, "email": "ana.kobayashi@jrc.com", "remark": "", "email_creation": "2022-07-20T08:00:00Z", "until": null, "created_at": "2022-07-20T08:00:00Z", "updated_at": "2022-07-20T08:00:00Z", "deleted_at": null}},

  {"model": "core.cellphone", "pk": 1, "fields": {"collaborator": 1, "model": "iPhone 14", "operacional_system": "iOS 17", "phone_number": "+55-11-99999-0001", "status": true, "approved": true, "have_password": true, "first_sinc": "2023-01-15", "device_id": "DEV001", "created_at": "2023-01-15T00:00:00Z", "updated_at": "2023-01-15T00:00:00Z", "deleted_at": null}},
  {"model": "core.cellphone", "pk": 2, "fields": {"collaborator": 2, "model": "Samsung Galaxy S23", "operacional_system": "Android 14", "phone_number": "+55-11-99999-0002", "status": true, "approved": true, "have_password": true, "first_sinc": "2023-06-01", "device_id": "DEV002", "created_at": "2023-06-01T00:00:00Z", "updated_at": "2023-06-01T00:00:00Z", "deleted_at": null}},

  {"model": "core.serveraccess", "pk": 1, "fields": {"collaborator": 1, "level01": true, "level02": true, "level03": true, "level04": false, "level05": false, "level06": false, "created_at": "2020-03-15T08:00:00Z", "updated_at": "2020-03-15T08:00:00Z", "deleted_at": null}},
  {"model": "core.serveraccess", "pk": 2, "fields": {"collaborator": 2, "level01": true, "level02": true, "level03": true, "level04": true, "level05": true, "level06": true, "created_at": "2019-06-01T08:00:00Z", "updated_at": "2019-06-01T08:00:00Z", "deleted_at": null}},

  {"model": "core.servererpaccess", "pk": 1, "fields": {"collaborator": 2, "purchase": true, "sale": true, "production_control": false, "service": true, "created_at": "2019-06-01T08:00:00Z", "updated_at": "2019-06-01T08:00:00Z", "deleted_at": null}},
  {"model": "core.servererpaccess", "pk": 2, "fields": {"collaborator": 4, "purchase": false, "sale": true, "production_control": false, "service": false, "created_at": "2022-07-20T08:00:00Z", "updated_at": "2022-07-20T08:00:00Z", "deleted_at": null}},

  {"model": "core.antivirus", "pk": 1, "fields": {"machine": 1, "year": 2026, "january_updated": true, "february_updated": true, "march_updated": true, "april_updated": false, "may_updated": false, "june_updated": false, "july_updated": false, "august_updated": false, "september_updated": false, "october_updated": false, "november_updated": false, "december_updated": false, "january_check": true, "february_check": true, "march_check": true, "april_check": false, "may_check": false, "june_check": false, "july_check": false, "august_check": false, "september_check": false, "october_check": false, "november_check": false, "december_check": false, "created_at": "2026-01-01T00:00:00Z", "updated_at": "2026-03-01T00:00:00Z", "deleted_at": null}},

  {"model": "core.server", "pk": 1, "fields": {"machine": 5, "have_backup": true, "backup_date": "2026-03-28T02:00:00Z", "created_at": "2019-12-01T00:00:00Z", "updated_at": "2026-03-28T02:00:00Z", "deleted_at": null}},

  {"model": "core.collaboratormachine", "pk": 1, "fields": {"collaborator": 1, "machine": 1, "created_at": "2022-01-15T00:00:00Z", "updated_at": "2022-01-15T00:00:00Z", "deleted_at": null}},
  {"model": "core.collaboratormachine", "pk": 2, "fields": {"collaborator": 2, "machine": 2, "created_at": "2021-06-20T00:00:00Z", "updated_at": "2021-06-20T00:00:00Z", "deleted_at": null}},
  {"model": "core.collaboratormachine", "pk": 3, "fields": {"collaborator": 3, "machine": 3, "created_at": "2023-03-10T00:00:00Z", "updated_at": "2023-03-10T00:00:00Z", "deleted_at": null}},
  {"model": "core.collaboratormachine", "pk": 4, "fields": {"collaborator": 4, "machine": 4, "created_at": "2020-09-05T00:00:00Z", "updated_at": "2020-09-05T00:00:00Z", "deleted_at": null}},

  {"model": "core.collaboratorsoftware", "pk": 1, "fields": {"collaborator": 1, "software": 1, "created_at": "2024-01-15T00:00:00Z", "updated_at": "2024-01-15T00:00:00Z", "deleted_at": null}},
  {"model": "core.collaboratorsoftware", "pk": 2, "fields": {"collaborator": 2, "software": 1, "created_at": "2024-01-15T00:00:00Z", "updated_at": "2024-01-15T00:00:00Z", "deleted_at": null}},
  {"model": "core.collaboratorsoftware", "pk": 3, "fields": {"collaborator": 1, "software": 4, "created_at": "2024-06-01T00:00:00Z", "updated_at": "2024-06-01T00:00:00Z", "deleted_at": null}},

  {"model": "reports.report", "pk": 1, "fields": {"number": "08", "name": "Lista de Contatos Internos", "name_jp": "\u5185\u90e8\u9023\u7d61\u5148\u30ea\u30b9\u30c8", "category": "Pessoal", "status": "pending", "last_generated": null}},
  {"model": "reports.report", "pk": 2, "fields": {"number": "09", "name": "Lista de Computadores JDB", "name_jp": "JDB\u30b3\u30f3\u30d4\u30e5\u30fc\u30bf\u30ea\u30b9\u30c8", "category": "Hardware", "status": "pending", "last_generated": null}},
  {"model": "reports.report", "pk": 3, "fields": {"number": "13", "name": "Usu\u00e1rios de Dom\u00ednio", "name_jp": "\u30c9\u30e1\u30a4\u30f3\u30e6\u30fc\u30b6\u30fc", "category": "Acesso", "status": "pending", "last_generated": null}},
  {"model": "reports.report", "pk": 4, "fields": {"number": "15", "name": "Acesso Servidor de Arquivos", "name_jp": "\u30d5\u30a1\u30a4\u30eb\u30b5\u30fc\u30d0\u30fc\u30a2\u30af\u30bb\u30b9", "category": "Acesso", "status": "pending", "last_generated": null}},
  {"model": "reports.report", "pk": 5, "fields": {"number": "17", "name": "Permiss\u00e3o de Acesso \u00e0 Internet", "name_jp": "\u30a4\u30f3\u30bf\u30fc\u30cd\u30c3\u30c8\u30a2\u30af\u30bb\u30b9\u8a31\u53ef", "category": "Acesso", "status": "pending", "last_generated": null}},
  {"model": "reports.report", "pk": 6, "fields": {"number": "19", "name": "Licen\u00e7as de Software", "name_jp": "\u30bd\u30d5\u30c8\u30a6\u30a7\u30a2\u30e9\u30a4\u30bb\u30f3\u30b9", "category": "Software", "status": "pending", "last_generated": null}},
  {"model": "reports.report", "pk": 7, "fields": {"number": "20", "name": "Notebooks com Criptografia", "name_jp": "\u6697\u53f7\u5316\u30ce\u30fc\u30c8\u30d6\u30c3\u30af", "category": "Seguranca", "status": "pending", "last_generated": null}},
  {"model": "reports.report", "pk": 8, "fields": {"number": "21", "name": "Celulares Corporativos Ativados", "name_jp": "\u6cd5\u4eba\u643a\u5e2f\u96fb\u8a71\u6709\u52b9", "category": "Dispositivos", "status": "pending", "last_generated": null}},
  {"model": "reports.report", "pk": 9, "fields": {"number": "22", "name": "Destrui\u00e7\u00e3o de Dados", "name_jp": "\u30c7\u30fc\u30bf\u7834\u58ca", "category": "Seguranca", "status": "pending", "last_generated": null}},
  {"model": "reports.report", "pk": 10, "fields": {"number": "23", "name": "Acesso ao ERP", "name_jp": "ERP\u30a2\u30af\u30bb\u30b9", "category": "Acesso", "status": "pending", "last_generated": null}},
  {"model": "reports.report", "pk": 11, "fields": {"number": "24", "name": "Lista de E-mails", "name_jp": "\u30e1\u30fc\u30eb\u30ea\u30b9\u30c8", "category": "Pessoal", "status": "pending", "last_generated": null}},
  {"model": "reports.report", "pk": 12, "fields": {"number": "25", "name": "Verifica\u00e7\u00e3o de V\u00edrus em Pendrives", "name_jp": "USB\u30a6\u30a4\u30eb\u30b9\u30c1\u30a7\u30c3\u30af", "category": "Seguranca", "status": "pending", "last_generated": null}},
  {"model": "reports.report", "pk": 13, "fields": {"number": "26", "name": "Padr\u00e3o de Arquivos Antiv\u00edrus", "name_jp": "\u30a2\u30f3\u30c1\u30a6\u30a4\u30eb\u30b9\u30d5\u30a1\u30a4\u30eb\u30d1\u30bf\u30fc\u30f3", "category": "Seguranca", "status": "pending", "last_generated": null}},
  {"model": "reports.report", "pk": 14, "fields": {"number": "28", "name": "Permiss\u00e3o de Uso de Software", "name_jp": "\u30bd\u30d5\u30c8\u30a6\u30a7\u30a2\u4f7f\u7528\u8a31\u53ef", "category": "Software", "status": "pending", "last_generated": null}},
  {"model": "reports.report", "pk": 15, "fields": {"number": "29", "name": "Atualiza\u00e7\u00f5es de Seguran\u00e7a", "name_jp": "\u30bb\u30ad\u30e5\u30ea\u30c6\u30a3\u30a2\u30c3\u30d7\u30c7\u30fc\u30c8", "category": "Seguranca", "status": "pending", "last_generated": null}},
  {"model": "reports.report", "pk": 16, "fields": {"number": "31", "name": "Verifica\u00e7\u00e3o de Antiv\u00edrus", "name_jp": "\u30a2\u30f3\u30c1\u30a6\u30a4\u30eb\u30b9\u691c\u8a3c", "category": "Seguranca", "status": "pending", "last_generated": null}},
  {"model": "reports.report", "pk": 17, "fields": {"number": "33", "name": "Acesso WiFi", "name_jp": "WiFi\u30a2\u30af\u30bb\u30b9", "category": "Rede", "status": "pending", "last_generated": null}},
  {"model": "reports.report", "pk": 18, "fields": {"number": "34", "name": "Troca de Senha WiFi", "name_jp": "WiFi\u30d1\u30b9\u30ef\u30fc\u30c9\u5909\u66f4", "category": "Rede", "status": "pending", "last_generated": null}},
  {"model": "reports.report", "pk": 19, "fields": {"number": "35", "name": "Backup de Servidores", "name_jp": "\u30b5\u30fc\u30d0\u30fc\u30d0\u30c3\u30af\u30a2\u30c3\u30d7", "category": "Seguranca", "status": "pending", "last_generated": null}}
]
